ngram,weight
ุงููุนูุฉ,-9.68237809603
ุฃุณูุฃ,-7.9970929144
ูุงุดู,-7.7055954883
ุณูุก,-7.2595301203
ุชุณูู,-6.7901428425
ุณูุฆ,-6.57521981714
ูุทุนู ุชุดููุฒ,-6.08676595497
ุฒูุช,-5.77520989035
ุฃุณูุงุก,-5.73043514906
ุณูุฆุฉ,-5.65827712341
ุงูู ูู,-5.57021236911
ุดู ูููุฒ,-5.50116754061
ูุง ุงูุตุญ,-5.49352386977
ุฃุณูุก,-5.39285412942
ุบูุฑ,-5.34000710259
ุงููุนูู,-5.31007424829
ููุฑู,-5.23669037866
ูู,-5.16582705497
ุงูุณุงุจู,-5.15379083998
ุงุณูุก,-5.14417099342
ุงุณูุฃ,-5.11382547485
ูุงุดูุฉ,-5.10971152673
ูุงุนุฌุจูู,-5.10916108904
ุงุจุฏ,-4.95563468432
ูุธูู ููู,-4.92703192726
ูุจุณ,-4.92622739537
ุงูุนูู ุงูู,-4.88617724443
ูู ููู,-4.79515800344
ุงูุฒุจุงุฆู,-4.7816690775
ูู ุงูุจูุช,-4.66454973963
ุนููู ุจุณ,-4.62291569476
ุณูุนู,-4.62202326556
ุณูุฆู,-4.60589197342
ุทุนู.,-4.58891879148
ูุนุงุฏู,-4.574190016
ููุฃุณู,-4.55962203146
ุงููู ููุฑู,-4.53021119174
ุณูุก,-4.49135178587
ุญูุงูู,-4.48888360198
ุนุงุฏูุฉ,-4.48423902585
ูู ูุนุฌุจูู,-4.45352233153
ูุนูู ุงููู,-4.3433088151
ุชุดูููุฒ,-4.33621114766
ูุงูุณุชุญู,-4.22738780602
ุชุณุงูู,-4.18146459915
ุงุณุนุงุฑู ุฑุฎูุตู,-4.12899379489
ุงูุด,-4.10729771214
! ุ,-4.07610930799
ุดูููุฒ,-4.06452298537
ูุนูุฏ,-4.05975802829
ุนุงุฏู ููุง,-4.05699289835
ุงุจุฏุงู,-4.04672799447
10 ุณููุงุช,-4.00874822702
ุณูุจูุณุฉ ู,-3.98552959604
ุจุนุฏูุง,-3.96511039391
ูุง ูุณุชุญู,-3.95159023732
ูุง,-3.93385989282
ุณูุฑ,-3.91292468262
ุงูุฑุฌุงู,-3.90034880874
ุฎุฑุจ,-3.89917496762
ุชุบูุฑ,-3.89172331465
time,-3.88686663576
ุจุงุฑุฏ,-3.87312542765
ุณุฆ,-3.87225281571
ุนูุงูุฉ,-3.86215747403
ูุงูุณุชุงูู,-3.84238059129
ุทุนู ุจุณ,-3.80942935962
ุญุณุจู,-3.78938685682
ูููุชู,-3.78743449786
ูุงู ูู,-3.75034208935
ูุงุดูู,-3.7416412964
ุฌุฏุง ุนุงุฏู,-3.74042724079
ูุบุงูู,-3.73897986269
.. ุจุฏูู,-3.72500340209
ุงูุจุงุจ,-3.71509812727
ุงููุดู,-3.71487444361
ุนูููู ุงูุง,-3.69895614975
ููุง.,-3.67211304207
ุญุงูู,-3.66965739468
ุงูุฅุฎูุฉ,-3.649586771
ููุณ,-3.57353544031
ุงูุดู,-3.55751741074
ูุตูุช,-3.53481458932
ุชุนุจุงู,-3.52354527523
ุชูุงุฏู,-3.49944072041
ุจุงููุทุนู,-3.49788805269
ุฅูู ุฃู,-3.49491111484
ูุงุญุฏุฉ,-3.48410658383
ููุงุณู,-3.45126125222
ุดุนุฑู,-3.38206248772
ูุจุฏู,-3.37911868318
ุจุงูุฎ,-3.37455517045
ุนูู ุจุนุถ,-3.37045390736
ูุง ุฃูุตุญ,-3.35534648863
ููู,-3.35198015973
ุงูุง.,-3.34498612419
ููุงูู,-3.34117304883
ุนูุฏู ุงุญุฏ,-3.33709280593
ูุทูุจุช,-3.31419569475
ููุงูุงู,-3.29810970772
ูุฃูู,-3.29303599314
ุงูุฒูุช,-3.2793218895
ูุงูููุฑููุฉ,-3.27645113553
ูุงุถู,-3.26499443874
ููู,-3.2615010693
ูุชุงุจุฉ,-3.25779293759
ูู ุงูุชุตููู,-3.24792244103
ูุฒูู,-3.24336914612
ุฌูููู,-3.20544970587
ูุฃูู,-3.17945291034
ุฑูุงู ุฏูุนุชู,-3.17400824989
ูุฌููู,-3.15959353671
ูุฐู ุงูู,-3.15231267803
ุฃุตุจุญุช,-3.15186060835
ุชุณููุช,-3.14261151332
ููุง ุทุนู,-3.12997112314
ูุงุญุฏ,-3.12877778601
ุณุฆ ุฌุฏุง,-3.10555795454
ููุฌุฃุฉ,-3.09995126433
ูุตูุง,-3.08510523913
ูุด,-3.08358229994
ุฃูู,-3.07036280218
ุงูุฑูุญุงู,-3.05782191946
ุบูุฑุฉ,-3.05612887601
ุจููุงููู,-3.05239104753
ุงุทูุจ ููู,-3.05066797712
ูุง ุฌูุงุนู,-3.04962596877
3/10,-3.04628025159
ูุฌุจู,-3.02812111647
ูุงูููู,-2.96910814855
ุจุทูู,-2.96271469043
ุดููู ุญูู,-2.93965501144
ุฏู,-2.92430107074
ุฎุฑูุต,-2.92260147784
ูุขุฎุฑ,-2.90497314478
ุจุงููุฌุจุฉ ุงูููุฏูุฉ,-2.8997511225
ุฏุฎูุช,-2.89767625153
ุณุฆูุฉ,-2.89764208183
ุจุงููู,-2.88857199205
bad,-2.87575608256
ุฏุณูู,-2.86918982199
ุฒูุช,-2.85727735919
ุบุงููู,-2.84966782817
ุจุทูุฆุฉ,-2.8485161203
ุญุดุฑู,-2.84677037357
ุดูู,-2.82925251844
ูุฑู,-2.81476255555
ุฑูุนู ููู,-2.8130041061
ุทูุจุช,-2.78794402339
ุงูุจุงุฑุจูููู,-2.76966857211
ููู,-2.76614861925
ุจุฏุฃ,-2.76352468691
ุงุณููู,-2.74755103231
ููุชูุฑ,-2.74167706146
ูู ูุฐุง,-2.70362087779
ููุชุงุฒ ุฌุฏุงุงุงุงุงุงุงุง,-2.68404618766
ุงูุชู,-2.68030575762
ุจููุณู,-2.67541677413
ุงููุธุงูุฉ,-2.67094513359
ูุงู,-2.66760619076
ุงูุจูุฏูุฉ,-2.65656027712
ููุง ูู,-2.65049764962
ูุง ูุชุญ,-2.64531553999
50,-2.64333880458
ุงูุชุฏุฎูู,-2.64103826676
ุนุงุงุงุฏู,-2.62555806099
ุนุฌูู,-2.62081099899
ูุณูู,-2.61347102929
ููู,-2.60493636086
ุนุงูุฎููู,-2.6010042973
ุงูุชุณูู,-2.59909506308
ุฎุงูุณ,-2.59281027386
ุงูุงุณูุฑูู,-2.58527758041
ุงูุฑู,-2.58254213773
ููุจููู,-2.57380697723
not,-2.56953333257
ููููุฉ,-2.56905604598
ุจุฏูู ุทุนู,-2.56737723243
ูุจุงูุบ,-2.56095286767
ูุชุฏููุฉ,-2.55560351526
ุงุดู,-2.55220591756
ุชุงุฑูุฎู,-2.54384875012
ุงูุทุนู ู,-2.53692490197
ุฒููุช,-2.5299080691
ูุจุฏู,-2.52448655918
ุงููุดูุงุฑ,-2.51230389725
ุงูููู ูู,-2.50575349448
ูููุฑ,-2.49727856293
ุงุฎุฐ ููู,-2.48768210484
ุฒุงูุฏู,-2.48742724836
ุณูุฆุฉ.,-2.48303155236
ุงุฏุงุฑุฉ,-2.47898882188
ุฏูู,-2.47193111657
away,-2.47067517158
ุจุฏุงูุชู,-2.46450622245
ุฃุญูุงูุงู,-2.46223842351
ูุง ุญูู,-2.45739193281
ูุดู,-2.44273442773
ูุฑุบูู ุฎุชูููุฑ,-2.43806830292
ุงูุทุจุฎ ูุด,-2.43126792028
ูุด ูุฐูุฐ,-2.42870645965
ุซุงููุฉ,-2.42765278598
ุดูุก ูููุฒ,-2.41723884256
ุณุนุฑ,-2.40779200866
ูููู,-2.40549446124
ุบุงูู,-2.40274098792
ูููุณู,-2.40077682597
ุจูุซูุฑ,-2.37600824732
ุงูุนุธุงู,-2.36980248313
ุทุงูุจ,-2.36398720092
ุนูู ุบูุฑ,-2.35744292822
ูุนุฏููุฉ,-2.35553548252
ูุฑููุนุฉ,-2.35457469975
ูุน ุงูุทูุจ,-2.35020964678
ุฃุฏุฎู,-2.34587390518
ุงููุทุนู ุบุงูู,-2.3351874843
ูู ุงูุนุงุฏู,-2.33234081442
ุฃุจุฏุงู,-2.31369664492
ุงูุถู ุดู,-2.31144194201
ูุงุบูุฑ,-2.28936289678
ุชุฌุฑุจุชู,-2.28349826132
ูุง ูุณุชุงูู,-2.27721233488
ููุงุนุงุฏ,-2.27653280949
ูุฑูุญ,-2.27344626461
ูููู ูุนูุจู,-2.27149458629
ุนุงุงุงุงุงุฏู,-2.26899414368
ุจุณ ุงูุทุนู,-2.26162308156
ุดุฏูุฏ,-2.25809682661
ูุฌูุจ,-2.23194216829
ููุบุงูุฉ,-2.22043323026
ุจุงููุงุนูุง,-2.21919195688
ููู.,-2.2085790335
ูุงูู,-2.19861100892
ูุณุนุฑู ูุฑุชูุน,-2.1959456053
ููููุช,-2.19369665714
ุจุนุฏู,-2.18031000748
ุนุงุฏู,-2.1722057567
ุงููู ูุณูู,-2.16967521184
ูููุง,-2.16859492875
ุงูุตุฏูุช,-2.16350766
ูู ุนุงุฏู,-2.15969927414
ุจูุทุนู,-2.15420162855
ุงูุชูุงู,-2.13786435225
ูููุจ,-2.128992297
ุฌูุฏ ูููู,-2.12809908317
ุณูุก,-2.1249524049
ูุฌุจุฉ ุงูุชุดููู,-2.11678859927
ุจุฃุฎุชุตุงุฑ ูุฐุง,-2.11591101061
ุงููุฒูู,-2.11257756524
ููุง,-2.0964724963
ููุงุทุนุชู,-2.09162761937
ุงุญุจ ูุฑูุดู.,-2.08753109595
ูุฑุฉุ,-2.0724503408
ุฏุฎู,-2.07178939069
ูุจู ุงู,-2.05628591558
ุงูุงุฎูุฑุฉ,-2.0451094696
ุงููุฎูู,-2.0382110488
ุงูุณูุฆ,-2.03555871776
ุบุงููุฉ ุฌุฏุงู,-2.02997148499
ูุชููู,-2.02932846033
ุงู ุทุนู,-2.01196094162
ูุงุนูุฏู,-2.01103179201
ุทุนูู ุฒูู,-2.01006184661
ูุงูุชู ุจูุฑุงูุฉ,-2.00628119595
ุงูุถู ุจูุซูุฑ,-1.98008727001
ุฌุฑุจุชู ูุฑุชูู,-1.97859801464
ูุทุนู ูุณุชุฎุฏู,-1.97694919229
ุดูุชู,-1.96656949874
ูุญุท,-1.9648161862
ููุนู,-1.95594555665
ุงููุถุน,-1.94935781783
ุจุงูุฎุงุฑุฌ,-1.93932233016
ูุฎู,-1.9368616448
.. ุงูููุงู,-1.93400266923
ุนุงุฏู ูุง,-1.91914425097
ูุฌุฑุฏ,-1.91847948549
40,-1.91603886757
ูุน ุจุทุงุทุณ,-1.91603514784
ุนุธู,-1.89824895602
20 ูู,-1.88355251793
ูุณุจุจ,-1.87340895393
ุงุณุจูุน,-1.87297116501
ุฑูุน,-1.86878222379
ุฎุฏูุงุช,-1.86293677891
ุนุงุฏู ุฌุฏุง,-1.86123620199
ูููู ุงูุขู,-1.85390055763
ููู ุฌูุฏ,-1.84923962521
ู ุบูุฑ,-1.84281987277
ุชุญุช,-1.8315732617
ูุฏุฑู,-1.82919627337
ุจุณุจุจ,-1.81306291072
ุจุงูุฏููู,-1.81023717261
ู ูููุง,-1.79999246465
ุขูู,-1.79391270668
ุฌุฏุง ุนู,-1.78495562744
ูุจูุจุณู,-1.78337572725
ูุทูุนุช,-1.7716709742
ูุงููุช,-1.76998491907
ุงูููู,-1.76919895045
ุตุงุญุจ,-1.75813514842
ุนูู ุงูุทุนู,-1.7482483821
ูุงู,-1.74589948438
ูุงููุนุณู,-1.74191978017
ุงูุนุฏุงู,-1.73945526635
ุงูุงุฎูุงู,-1.73871607874
ููุงุณุจ ููุญุจู,-1.73595701253
ุตุบูุฑ ุฌุฏุง,-1.7357873315
ูู 10,-1.72599081944
ุณููููุก,-1.72464252956
ูุงุงุฌูู,-1.72384642769
ูุจุนุฏูุง,-1.72311043078
ูุงูู,-1.7216458012
ุฒุงุฏ,-1.71922218949
ุฌุฏุงู ุนุงุฏู,-1.71357759302
ุณูุนุชู,-1.70760521125
ุณูู,-1.70359371084
? ?,-1.70056247248
ูุจู,-1.69847346445
๐,-1.69722380401
ุงูุญูุฏููู,-1.68796330793
ุงููุจุงูุบ,-1.67753444506
ุฎุงูุณู,-1.67506571354
ููู,-1.67060938592
ุงุณูุง,-1.66136315071
ูุชุจุชู,-1.64500275067
ุงู,-1.64457882425
ุงูุณูุฏููุชุดุงุช,-1.64333747163
ูุฑุฉ ุงุฎุฑู,-1.64257828093
ุงูุนูุงูุฉ,-1.64250949994
ููุจูููู,-1.63896305424
ูุง ุฃูุตุญ,-1.63084251374
ุถูู,-1.62744121114
ุตุงุฑ,-1.61484706845
ุงููููู,-1.59931921896
ุณููู,-1.59675352826
ูุฐุงูู,-1.58553839309
ูุญุฏู,-1.57733861781
ูุงูุงูู,-1.57695646819
ุงูุชุฏุฎูู ูุณููุญ,-1.56261135681
ุงูุฑุงุฆุญุฉ,-1.56242642845
ูุทุนู ุนุงุฏู,-1.5577388083
ุฌุฏุงู ููุง,-1.53110313577
ุชุงุฎุฐ ุทูุจู,-1.53039103972
ูุงูุญูุต,-1.52697434536
ููุงุฑูุฉ ุจุงููุฌุจุฉ,-1.52573444383
ุงูููู,-1.52464097875
) ),-1.52463383625
ูู ูุณู,-1.51589607693
ุงูุชูุงุญ,-1.51030278919
ุงููุทุนู ุงูุณุนุฑ,-1.50755369496
ูุต,-1.50162078514
ูู ุงูุฌููุจ,-1.49796102999
ููุงูู,-1.49732142931
ููุชุงุฒู ูุงูุฌูุจุฑู,-1.49583203848
ุงูู ููู,-1.49356245037
ููู ูููู,-1.48980569623
ูุงููุญูู,-1.48863763208
ุงูุฏุฌุงุฌ ุงุญูุง,-1.487833165
ุนุงุฏู ุฌุฏุงู,-1.48754332754
ูู ูุฐูุฐ,-1.48376504622
ุดุนุจู ุฌุฏุง,-1.48243665378
ุงููุธุฑ,-1.48202413543
ุฌุงุจูุง,-1.4810403743
ุงููู,-1.47803101499
ุงููุฎูู,-1.47555065086
ูุงุญุจูุชู,-1.47367112676
ุงูููู,-1.46836708201
ุจุณ ุงูุงูู,-1.46538485401
ุฌูุฏ ุจุดูู,-1.46424468571
ูู ุฒูู,-1.46118708314
ูุณุชูู ุงููุธุงูุฉ,-1.46018916435
ูุณุฎ,-1.45956995145
ุดุฑูุช,-1.45832519492
ุงูุง ุงูุญูู,-1.45161299377
ุบูุฑูุง,-1.44947904169
ุจูุชุฒุง ูุช,-1.44746920987
ูุฒูุฏ ูู,-1.44743115951
ูููุจ,-1.44624430255
ุฏุฌุงุฌ ุงููููุณุฉ,-1.44383711002
ูุถุนู,-1.4433210925
ุงููุง,-1.43676483388
ูุฑู ุญููู,-1.4335259724
ูุดููุชู ููุก,-1.43134283914
ูุนููู ุงูุทุนู,-1.43065467729
ูุงูุนุฌุจูู,-1.42294216378
ุงููุทุนู ุนุงุฏู,-1.41730139933
ุงูุชูู,-1.41579276062
ุฒูุฏ,-1.41571142788
ุงุณุนุงุฑ ูุจุงูุบ,-1.41228710085
ุงูู,-1.40808002316
ุงููุณุชูู,-1.40447290063
ุงูููู ููุดู,-1.40415733389
ุงูุงูุชูุงู,-1.40386693902
ุฌุฏุงุง,-1.40297225627
ุฑุงุฆุญู,-1.40280592954
ูุตู,-1.40234190699
ุชุฌุฑุจุฉ ุณูุฆุฉ,-1.39826462665
ุชุงูู,-1.38405446075
ุฌูุชู,-1.38262593108
ุฑุงุญ ุจุงูููุฒ,-1.38248686982
ูุง,-1.37676737113
ุณูุกุกุกุกุกุกุกุกุกุกุกุกุก ุฌุฏุงุงุงุงุงุงุงุงุงุงุงุง,-1.37476300684
ุฐุงู,-1.36409943948
ุซู,-1.36129828133
ุณุจุจ ููุง,-1.35792266337
ุฃุฑุจุน,-1.35611354397
ูุฏูู,-1.3546647099
ููู,-1.35160724523
ุงูุงูู,-1.34654521267
ูุง ูููุน,-1.34547299983
ููู,-1.33519591298
ุญุงูู,-1.32644119158
ุงูุญู,-1.32306162787
ูุณุชูู,-1.32203512066
ูุงุทุนู,-1.31931196273
ุงูุณ,-1.31868620522
ูุง ุนุฌุจูู,-1.31247938467
ุชุฑุงุฌุน ูุณุชูุฑ,-1.30925505617
ุงูู ุชุงูู,-1.29994499858
ูุงุจุชููู,-1.29888522351
ุถููู ููู,-1.29301472859
ุฌุฏุง ุฌุฏุง,-1.29088066127
ูุฑูุดู.,-1.28221639995
ุชุฌูุจ,-1.28145209997
ููู,-1.27946655366
ูุงููู ุงูู,-1.27058948548
ูุงูู ุทุนู,-1.27018950434
ุจุงุฑุฏุฉ ู,-1.26875782374
ููุชูุฏ,-1.25801697135
ุฎุฎุฎุฎ,-1.25638429642
ุงูุง ุงูุจุงูู,-1.25405312444
ูุญุชุฑู,-1.24569265318
ุงููู ูู,-1.23513777563
ูุงูุง,-1.21836328113
ุงุนุชูุฏ ุงู,-1.21738152552
ูู,-1.20261959282
ูุฑูุฒ,-1.20250084878
ูุฏูุฑ,-1.20186253759
ุงูุญู ูุงูุดุงุฑุน,-1.19925050147
ูุนุฌุจูู ุน,-1.18513638272
ุซุงูู,-1.18392421286
ุงูุฏุฌุงุฌ ูุจ,-1.17285155183
ูู,-1.16396998387
ูุทุนู ูุฑูู,-1.15534038651
ุฃููุฑ,-1.1437135841
ุงููููุณ,-1.14230308497
ุงูุฏูููุฑ ูุงูุฌูุณุงุช,-1.14101137981
ูุจูุน,-1.13112047961
ุฑูู 1,-1.12694015322
ูุง ุงูุตุญ,-1.12050481002
ูุนุฏููู ูุงูุทุนู,-1.110904453
ูุชููุฒุฉ ุนู,-1.10905461969
4/10,-1.1085289612
ูุงููู,-1.09757634276
ุจุงูุณุนูุฏูู,-1.09705643099
ูุงููู ูุฑู,-1.09287952208
ูุฏุฑุช,-1.0917395207
ุนูู,-1.08987064782
ููุช,-1.08313070728
ูููู,-1.07737099868
ูุฃุณุนุงุฑู,-1.07663523532
ุจุณู,-1.07630103791
ุงุนุทู,-1.07629477198
ุฃุฎุฐุช,-1.0743528931
ููุช,-1.06234323311
ุฒุญูู ูุงูุงูู,-1.06115355706
ุจุตุฑุงุญุฉ ูุง,-1.05910110643
ุฑูุงู,-1.05835913465
ุจุดูู ุฌูููู,-1.05533207504
ุนู ุงููุฒูู,-1.05300004474
ุชุนุฌุจูู ูุทุงูุฑูู,-1.05250114156
ุฏูููุฑ ูู,-1.05104311381
ุจุนุฏ,-1.05061381795
ูุงุฃุนุฌุจูู,-1.04923783992
ุจูุงุก,-1.04560745127
ุงูุฃุณุนุงุฑ,-1.04520154504
ุจุตุนูุจุฉ,-1.03900018152
10/1,-1.03825934674
ุงุฑุฌุน,-1.0376532909
ุงููุซูุฑ,-1.03399021053
ููุจ,-1.03142320662
ููุงู,-1.02904585207
ุจุดูู,-1.023838511
ุงูุณุนุฑ ุงูุฒุงุฆุฏ,-1.0199854541
ุจุฏูู,-1.01829981658
ุฏูููุฑ,-1.01506518491
ูุงุนุงุฏ,-1.01125933304
ุดู ุนูุฏูู,-1.01101149572
morning,-1.00966390255
ูุชูุงุทูุน,-1.00767219242
ุงููุบุต,-1.00299948974
ุชุฌุฑุจุฉ ูุฑูุฑู,-1.00218164234
ุงููุทุนู ูุจุงูุบ,-1.00169274984
ุงุญุณู,-1.00000466399
ูุงูุฌูุจุฑู ููุชุงุฒ,-0.997152630819
ุนุงุงุงุงุงุฏู ุฌุฏุง,-0.994282046445
ูุงููู ูุซู,-0.993332603165
ูู ุฐุงู,-0.987692238925
! !,-0.983838231988
ูุชูุฏููู ูุญูู,-0.981995222397
ุดููุชููู ูุงูุง,-0.976773456922
ูู ุจุนุถ,-0.969210584175
ุงูุงูุชูุงู ุจุงูุฌูุฏุฉ,-0.967167728379
ูุญูู ูุงุณุฏู,-0.965339791742
ูุฑูุญุชู,-0.963373088997
ุงูู ุนุงุฏู,-0.962940095495
ูู,-0.961540638376
ุงูุนูุจุฉ,-0.959458292767
ุงูุฎูุฑุงูู,-0.955863141107
ูุทุนุชูู,-0.947593139158
ูุบูุฑูุง,-0.94682066306
ุงูุงูู ุบูุฑ,-0.941100349941
ุณูุก ุฌุฏุงู,-0.93176013368
ูุนุฌู,-0.931326397195
ูุนูู,-0.928480770905
ููุฏู ุงููุงุช,-0.926680069161
ุงูุง,-0.924103851153
ุนูู ุงูุด,-0.919372207894
ุทุนู ุงูุญูููุงุช.,-0.916980400734
ุงูุงุฎูุฑุฉ ูุฑุน,-0.909009640905
ุงูููุงู ุญูู,-0.905871952442
ูุงู ุทุนููุง,-0.905637358472
ุงููุงุณ,-0.903180639214
ุบูุฑ ูุธูู,-0.902130319156
ุงูุชูู ุฒูู,-0.902012210816
-- --,-0.901970469869
ุญูุชูู,-0.898253436141
ุชุงุฎุฐ,-0.891469580464
ุฒูุฑ,-0.886068470673
ูุบูุฑ,-0.882988261226
ุงููุทุนู ููุง,-0.881472333396
ุฏูุงุฑ,-0.875407920907
ูุงููู,-0.873093763023
ุงูููุงู ุฑุงุฆุน,-0.872189776652
ุงููุทุนู ูู,-0.870020517578
ูุฑ,-0.865168407431
ููุฑุฉ,-0.86490156693
ุงูุงูู ุงูุจุงุฑุฏ,-0.864238396929
ุงูุฑุงูุฏูู,-0.862116648242
ุณุงุนุฉ,-0.859450615263
ุงูู,-0.856612710359
ูุตุบุฑ,-0.85652998934
ูุงุจุชููู ููุชุงุฒู,-0.848364644428
ุฃุจุฏุง,-0.847352462324
ุงูุงูู ุนุงุฏู,-0.838637904217
ููุง ุงุญุจููู,-0.836045482335
ุชุบูููู ูููุถูุน,-0.835735356987
ูููุง ..,-0.835634441684
ูู ุนูุฏูู,-0.830910549137
ุงูููุฏูู,-0.830886221459
ุญุชู !,-0.829146720079
ูููุง,-0.827280332525
ููุณู,-0.826155346509
ูุฑู ุนู,-0.823703796643
ุงูุฑุฒ,-0.82018352597
ูุทุนู ููุฏู,-0.819919803813
ุดูู ..,-0.819494158877
ุชุฌุฑุจุฉ ;,-0.819203900853
ููู ุทุนูู,-0.807466883142
ูุตุงุฑ,-0.804620241729
ุงูุฑุฎูุตุฉ,-0.80192425373
ุนุดุงู,-0.800158202177
ูุทุงูุฑูู,-0.789553358186
ุญูุชูู ุฃุญุณู,-0.788468223934
ุฌุฑุจุช ุงููุทุนู,-0.780016629227
ุงุฎุฐ,-0.778694886012
ููุงูู ุทูุจ,-0.777851003456
ูุงููููุงุช,-0.773743080745
ูุงููู ุฃุนูู,-0.773689149128
ูุงูุช,-0.768774693475
ูู ููู,-0.761539474727
ูู ุงูุฑุฑ,-0.756277527658
ููุงุจู,-0.755964527934
ุงูุดุงุฑุน ูุงูุญู,-0.754969935144
ูุงุณู,-0.74943853412
ุฌุฑุจุชู,-0.746759086864
ูุง ุงุฏุฑู,-0.746545576517
ุงุชุณููุช,-0.735758404918
ูุงูุชู,-0.732556514113
ูุงุจุณุฉ ู,-0.728813083468
ุจุงุณูู,-0.723393728426
ูุชุฃุฎุฑ,-0.721625888135
ูุงุญุฏู,-0.719219657984
ุงุนูู,-0.716628387703
ุงูุณุนุฑ ุบุงุงุงุงุงุงุงุงุงุงุงุงุงุงุงุงุงุงุงุงุงุงุงุงุงุงุงุงุงุงุงุงุงุงุงุงุงุงุงุงุงุงุงุงูู,-0.712098276708
ุงุฎุฑ ูุฑู,-0.711533643925
ุนู ุจุงูู,-0.710621474944
ุงูุฃูู,-0.70834165448
ุงูุตุญุฉ,-0.708075250509
ููุน,-0.705488131229
ููู ุงููู,-0.704689918012
ุณูุฆุฉ ุฌุฏุง,-0.702119559274
ูุงูุญู,-0.701248899427
ูุงูุงุณุนุงุฑ,-0.700523803111
ุดุญู,-0.698172495862
๐ ุจูุดู,-0.696026872687
ูุฑุฑุฑุฑุฑุฑุฑุฑุฑู ุทุนู,-0.695610289555
ูุฒูุงุฏุฉ,-0.692390765573
good morning,-0.692278815645
ุญุชู,-0.692108149491
! ูู,-0.689761452828
ููุงุฎุฐ ุงูุซุฑ,-0.689317996667
ุถุนููุฉ,-0.684527347609
ุญุงุทูู,-0.678901304959
ูุจุทุงุทุณ,-0.677821002185
ูุฃูู,-0.673689341547
ูุง ุงููุชุฉ,-0.672277048388
ุงูุจุณุจูุณุฉ,-0.668253571122
ุงููุฑู,-0.665748469624
ูุฐุง ุงููุทุนู,-0.663732218559
ูููุน,-0.662180108523
ุงูููุงู ุฌููู,-0.659701774912
ูุงุญุด,-0.654045581267
ุซุงููู,-0.636307040128
ุฌุฑุจุชู ูุฑู,-0.636010204165
ููุช,-0.634105895342
ูุงุญูุฉ ุงููุธุงูุฉ,-0.628668434463
ููุณู,-0.62199712124
: //www.youtube.com/watch,-0.620000372641
: (,-0.617596310844
ุจูุดู ุงูุญุงู,-0.614825295512
ุฌูุฏ ูุฎุตูุตุง,-0.614548249628
ุงููู,-0.613990490914
ุงูุจุงุณุชุง,-0.604909345557
ุตุงูู,-0.604842922451
ูุงูู,-0.600648968733
ุงูุงุณุงุณ,-0.599995041685
ุฌุฏุงู ุงููุธุงูู,-0.59458222722
ุนูุฏู,-0.591558777704
ููู,-0.591206581238
ูููุช,-0.587546686022
ุฒูุงู,-0.584010988876
ููุฏู,-0.578313598503
ูู ุฏุงุฎู,-0.564147131894
ุงูุณุนุฑ,-0.56292920755
ูุจุงุดุฑุฉ ูุนุฌู,-0.549826189731
ูุจ ูุณุชูู,-0.54974254568
ุดุงูุฑูุง,-0.54923635341
ุงูุฑุฒ ุงููุดููุฑู,-0.541958838514
ุงูููุงูู ูุฑุฑุฑุฑุฑุฑุฑุฑุฑู,-0.540441913756
ุงูุญูุงูุงุช,-0.540261785453
ุงูุฏุฑุฌู ุงูุชููู,-0.539055139507
ูุฑูุดู. ุงูุฏุฌุงุฌ,-0.535680539076
ุจูุชุฒุง ูุชููุฒุฉ,-0.531080732785
ูุฌูุณุงุชู ุถููู,-0.529542523847
ุงููุฑูุน,-0.527383492791
ุฌูุฉ ุงูููุงูู,-0.525236343168
ุฌุฏุงุงุงุงุงุงุงุง,-0.524255417534
ุชุฌูู ูุงุจุณุฉ,-0.522011339353
ุงูุจุงุฑุจููู ุญูุชูู,-0.52064605018
ุณูุน,-0.518917740098
ุนุงููุงุถู,-0.51516075502
ุงูุญุฏูุฏ,-0.512981637527
ุฃูู,-0.510623709002
ุจุงุณูู ูู,-0.507350747189
... ุฌุงูุง,-0.507131484903
ุงุจุฏุง,-0.506428972853
ูุง ููู,-0.503354663036
3,-0.500955178112
ูุชูุงุทูุน ูููุณ,-0.498755102689
ูุงูุตูุฑ,-0.497875618463
ููู ุจุนุฏ,-0.497809089497
ูุชุฃุฎูุฑ,-0.497608548118
ุงูุชูููู,-0.495066129925
ุจุงุณุชุซูุงุก ุงูุจุณุจูุณุฉ,-0.49502562714
ุงูุงุฎุฑ,-0.493445363285
ุตูุงุญูุชู,-0.492225821293
ููู,-0.491743389735
ููุด,-0.480390614874
ุงููุฑุงุณู,-0.478099677303
ุฃูููู ูุณุณุณุณุณุท,-0.476923776073
ูุงุฎุฑ,-0.471836655325
ู ุงูุฏูููุฑ,-0.471410551602
ุงูุถู ููู,-0.470599210502
ุณุงุฎูุฉ,-0.470463631999
ุงูุฅูุชูุงู,-0.469154283283
ููุชุงูู,-0.466818082185
ูุฏุฑุฌุฉ,-0.464825256428
ููู ุฑุงุญ,-0.463726067844
ุฃุดููู ููุงุณุจ,-0.462393970886
!,-0.454409804875
ูู ุงูุทูุจุงุช,-0.453420994228
ุงูุจุฑ,-0.452353487025
ูุจุบุงููู,-0.451316631978
ูุฑุฉ ุฃุฎุฑู,-0.447950458712
ุทุนู,-0.447772886344
ุงูุทุนู ุจูู,-0.441408141967
ูุทุนู,-0.441162786348
ุงูุญูููุงุช.,-0.440624689589
ุชูุณู ุชุฌุฑุจ,-0.434350364693
ุฏูุนุชู,-0.432213932909
ูุงุดู ุญุงูู,-0.431986223595
ูุงููุงูุน,-0.423458118998
ุญูู,-0.420851977037
ุงูุทูุจุงุช,-0.419499590925
ุนูุฏูู ุงูุญููุณ,-0.418335930544
ุนููู,-0.41563320471
ูุง ููุฌุฏ,-0.412453270136
x,-0.410261565991
ูุฑูุฑู ูุณูุฆู,-0.406543190738
ููุฎุชูู ุงูุทุนู,-0.404909607144
ุงููุชุฉ ูุจุงุดุฑุฉ,-0.403563566666
ูุฎุตูุตุง ุญูุตูู,-0.401729481317
ูฃู,-0.400598318985
ุงูุทุนู,-0.397750253274
25,-0.391923694266
ุทูุจ ๐,-0.390262840157
ุงููุญูู,-0.38275394192
ุงูุฌููู,-0.382212572039
ูุฃููู,-0.381590705336
ุ,-0.381439000229
ุงูู ูู,-0.3798134514
ููู,-0.37907782579
ุงููุทุนู ูุฎู,-0.378742143659
ุงูุจุฑุฌุฑ ููุท,-0.378734581346
ุณูุกุกุกุกุกุกุกุกุกุกุกุกุก,-0.374480121487
ุฃู,-0.37238357436
ุนูุฑู ุงููุชู๐๐๐,-0.372063115396
ุนุงูู,-0.370676664055
:,-0.36079078538
ุงููุฏ,-0.359745215283
ุญูู ุจุณ,-0.357458248674
ููุฐูุฐ ุ,-0.355206623279
ูุซู ุงูููุฎ,-0.355198495643
ุงููุงุดูุฑ,-0.353217373456
ูุทุงูุฑูู ุจุณ,-0.352198056376
ุจุงูุงูุณุงู ูุฃูุถู,-0.34863965986
ููุก ุงุนูุจ,-0.345941522691
ูุชุจ,-0.34561374001
ูุณุชูู ุงููุทุงุนู,-0.345286595714
ุงุนูุจ ุงูุฏุฌุงุฌ,-0.344053144896
ูู ุงูุดุฆ,-0.342687211205
ุดูุฑุจุฉ ูุชูุงุทูุน,-0.342545967323
.. !,-0.338929868448
ุจุตุนูุจุฉ ุชุจูุนู,-0.338542976376
ุงูุญูู ุดูุฒ,-0.335770004552
ุจุงูุนุฑุจู,-0.334314418677
ุงู,-0.332544049899
ุฎุตูุตูู ุงููุดุฑูุจุงุช,-0.332154507114
ููุจุฑูุฑ,-0.329979134937
ุจุงููุชุฑุฉ ุงูุงุฎูุฑุฉ,-0.329917884064
ููู ูุฑุชุจ,-0.323696496432
ูุณุณุณุณุณุท,-0.316870255772
ุชุงูู ุฃูุถู,-0.314727378083
ุงูุฃุณุงุณู ูุงุฌุง,-0.312770700078
ุงููุงุฑ,-0.311503966268
ุงููู ูุง,-0.310890804095
ุงุฌุฑุจู,-0.309479486268
ุ ู,-0.30883000497
ูุฐุฑ,-0.308825287542
ูุชููุฒ ุจููููุฒ,-0.306697080532
ููู ุงูุงูู.,-0.30607560168
ุบูุฑ ุณุงุชุฑู,-0.305450304771
ูุงู ุทูุจูุง,-0.303112891925
ูุงุชุนููู,-0.302001734816
ุงูุฃูุฑูููุฉ,-0.301228684821
ุงุดุฌุนู,-0.300259064299
ุงููุดุงูู ูุฐูุฐุฉ,-0.297053818431
ูู ูู,-0.295330974851
ูู ููุงูู,-0.287080739204
ููู ุงูุญูู,-0.286772065443
..,-0.285031354002
ูุงุดู,-0.282615420278
ุจุงุฏุฑ,-0.277863256708
ูุฑูุฑู,-0.275499050756
ุงููููุฉ (,-0.275382871056
your,-0.275149152334
ูุญุฏ ุงูุฌููู,-0.273084276964
ูุฎุชูู,-0.268331730365
ูุงุณุนุงุฑูู,-0.266665915266
ุชุจูุนู,-0.266471193658
ุงูููุจุฑุฌุฑ ุจุตุนูุจุฉ,-0.266071195939
ุทูุจูุง,-0.265515782838
ุงู ุจุงุฏุฑ,-0.260543734395
ูู ุฌูุชู,-0.25269122489
ุงููุญูุฏ ุงูุฎูุฑุงูู,-0.24962030381
ุนุงุฆูุฉ ุฎูุณ,-0.245950382558
ุชุญุถูุฑ,-0.244099876229
ูุนุฌุจูู.. ุจุงุณุชุซูุงุก,-0.243151053443
ุงููุงุฑ ูุจุบุงููู,-0.239910615499
ูุงูุตูุฑู ุชุบูููู,-0.235843524424
ุงูุณูุงู ุนูููู,-0.233226035532
ุทุนู ุฃูุถู,-0.233120646233
~~~,-0.232810991579
ุงูุฏุฌุงุฌ,-0.232489877011
ูุงุฌุง ุจุงูุงุฎูุฑ,-0.232347780294
ูุงูุดูุฑุจู ูุงูุทุจู,-0.231108793159
ููู ูุชุฑุงููุณูู,-0.231014937365
ุงูุฑุฑ,-0.226862559648
ููู ุญุงุฑ,-0.224442387051
ุฌูุชู ุนุงุฌุจูู,-0.224118167538
ูุจุบุงููู ุนุงูุฃูู,-0.221418325093
ุบุฑูุจ,-0.220487558287
ุชุฌุฑุจุชู ุงูุดุฎุตูุฉ,-0.219388939674
ุฒูุงุฑุชู ูุฑู,-0.218203427197
ููุงุงุงุงุงู,-0.21819779833
ุจูุดู,-0.217885590172
ูููุถูุน ูุงูู,-0.217492907436
its good,-0.21555687215
ููุจุฑูุฑ ุฑุงุฆุน,-0.212249878847
//www.youtube.com/watch ?,-0.211746186748
ุฎูุณ ุงููุงุฑ,-0.21029467642
ูุณูุฆู,-0.208888722551
ุตุงูู ููููู,-0.207386451408
5/10,-0.206984584554
ุฌุฏุง ูุฑุชูุนุฉ,-0.206585111885
ุจุณ ูุดููุชุฉ,-0.205838981125
ุณุงุชุฑู ููุงูููุง,-0.200359169266
ูุฑุงุจู ููุท,-0.200141541796
ููุช ูุตุงุจ,-0.198866793659
ูุฑุฑู ููุง,-0.196620115078
ูุง ุงุชุฐูุฑุฉ,-0.19278050433
ููุฌูุฏ,-0.189337442002
ุงูุฌูุณุฉ,-0.187274779001
ุงุนูุจ,-0.18667087964
ูุง ุทุนู,-0.185857839263
ููุชุงุฒ +,-0.18035525058
ูุงูุง ุตุงูู,-0.179099466089
ุจุงูุงูุณุงู,-0.178692610076
ุชุฃูู,-0.177225799159
ูุงุจุงุณ ุงุนุทูู,-0.16946665722
ูู ูุฑู,-0.167970140722
ุฎูุตูุง ุงูููุจูุงุช,-0.166273442862
ูุงุงุณุชุณูุบ,-0.166162652825
ูุงุงุณุชุณูุบ ุงูุงูู,-0.165655074875
ุงุจุฏุง ุงุจุฏุง,-0.164384034372
ุงููุทุนู ุฃุดููู,-0.16391163706
ูุงูููุนูุฉ,-0.162967214872
ูฃูููฅ ุนูุฏู,-0.162522016909
๐๐ !,-0.161535917122
ูุชูุณุท ูุฌูุณุงุชู,-0.160456505165
ุงุฎุฐูุงู,-0.15961612353
ูุจุฐุงุช. ุงูุญุฑุงู,-0.159350466481
ุงูููุจูุงุช ูุงูุดูุฑุจู,-0.158242438375
ุงูููุฑููุด,-0.15738599409
ุญุฌู,-0.156062544723
ูุฎูู,-0.152200133798
ุนุงุฏู ูุบุงููู,-0.149991837436
ูุนุฌุจูู..,-0.148393245583
ูู ุงูุงููุงุน,-0.148232177849
ุฌูุฏู ุงูุญูู,-0.146871347878
ูู ุถูู,-0.146510023651
ููุงูููุง ุฎุตูุตูู,-0.140152200852
ุงูุงูู. ููุณ,-0.139403435061
ูุงุนุฏุง,-0.139092936043
ูุฃูุฉ. ุณุจุจูู.,-0.138031831276
ุงูุง ุงููู,-0.137894398854
ุชููุนุชู,-0.136542122068
ูฃูู,-0.131481969666
ุนุงุฏู ููู,-0.130618329504
//www.youtube.com/watch,-0.130090597058
ูุงูุณุชูู,-0.129206597908
ุงููููู,-0.12654518972
ุงูุจุงุฑุฏ ูุฎุตูุตุง,-0.125442831133
ูุงุณ. ูุด.,-0.124939273389
ูุฃูุถู,-0.122945018195
ุชุบูููู,-0.122367141695
ูุงุงุนุฌุจูู ูุฑุฑู,-0.120021425124
ูุต ุณุงุนู,-0.119136927197
ูุงูุนุฌุจูู ูุงูููุนูุฉ,-0.114219375027
ุงููุชู๐๐๐,-0.112578793231
ูุงูุฎููุณ ุณุนุฑ,-0.112160078452
ุงูุทุงููุฉ,-0.111487570539
ูุด. ุญูู.,-0.11100418209
ุฑุฌุนุช,-0.110066204321
ุงูุงููุงุน ุจุงูุตูุฑ,-0.109869501243
ูุฃูุถู ุนูุงุฌ,-0.107526333682
ุงููุฑุถ,-0.107514057586
ุงุชุฐูุฑุฉ,-0.10747855997
ูุฐุง,-0.106399541603
ุณุจุจูู. ูุงููู.,-0.10592183929
ุนุงูุฃูู ูงููุฑูุงู,-0.105687520644
ุฑุงุฒุฉ ููุณูุง,-0.104948840233
ุดูู ูุฅุฐุง,-0.104413049639
ูุตุงุจ ุจุงูุงูุณุงู,-0.103307417176
ุดูููุง,-0.103208763847
! ููุช,-0.102769828897
ูุจุทููุงู,-0.101272661024
ุจููููุฒ,-0.100453737406
ูู ุจุนุฏ,-0.0991643694585
ูููู,-0.0960416176212
ูู ูู,-0.0960066390338
ูููุง,-0.0922339113108
ูุงูุญูุต ูุจุณ,-0.0921795156151
ุญูู. ูุฃูุฉ.,-0.092158903339
ุบุงุงุงุงุงุงุงุงุงุงุงุงุงุงุงุงุงุงุงุงุงุงุงุงุงุงุงุงุงุงุงุงุงุงุงุงุงุงุงุงุงุงุงุงูู ุญูููููููููููููููููููููููููู,-0.0919396536075
ุจููููุฒ ูุฑุงุจู,-0.0895991345697
ุฌูุจ,-0.0891899403527
ู ูุง,-0.0885707797291
ุจูููู ุงูุฃุฑุจุนุงุก,-0.088163736744
ุญุณูุช,-0.0868645598061
ุงูุฎุจุฒ ุุุุุ๐,-0.0865870881003
ููุงุชุณุชุงูู,-0.0857715946214
ุงุฎุฐูุงู ุณูุฑู,-0.0818208788528
ุชุฌูู ุฑุงุฒุฉ,-0.0814084970015
ุงูุฏุฌุงุฌ ูุงูุณุชูู,-0.0804068115141
ูุงุงุฌูู ุทุนู,-0.0802064191875
ูุนุฌู ุงูุฎุจุฒ,-0.0801897492578
ุงุญุณ ุงูููู,-0.0753214911475
ูุง ูุงุณ.,-0.0743096196066
ูุงุณ.,-0.0737247977142
ุชููู,-0.0716262729447
ุฃูุง,-0.0650310479052
ุงูุงููุงุน,-0.064468019608
ูุฃูู ูู,-0.0635288798287
ุงูุชููู ูฃูู,-0.0625704202437
ูฃูู ูกู,-0.0600215707207
ุงูููุฏู,-0.0594526276706
ููู ููุฐู,-0.0590906263506
ูฃูููฅ,-0.0585191654619
ุจุณู ุงููู,-0.0568552393481
ูุฑุฑุฑู ุนุงุฏู,-0.0560274059491
ุงุฑุจุน,-0.0558270283977
ุุุุุ๐,-0.0555043135968
ุฃู,-0.0549953910996
ุนูุงุฌ ูู,-0.054055095009
ูู ุงูุจุจุฑููู,-0.0532114905273
ูุฃููุง,-0.0527713595951
ูุงูุงุดูุงุก,-0.0520980563018
ุงูุดุฎุต ูงู,-0.051358743319
ูุชุฑุงููุณูู ููุชุงุฒ,-0.0512229791237
ุณุจุจูู.,-0.050097150327
ูุตุงุจ,-0.0499309041542
ุบูุฑ ุฌูุฏ,-0.0475421485872
ุงููุช ููู,-0.0467390704591
ุชุณูููุง,-0.0465187962931
ุงูุญูููุงุช. ูุฐูุฐู,-0.0439793384369
ุจุงูุงุฎูุฑ ุงุฎุฐูุงู,-0.0436637698619
ุงูุจูู. ูุง,-0.0420835131755
ูุงุณ,-0.0405743515978
ุฌูุฏ ..,-0.0403044828749
ููุงูููุง,-0.0395883827838
ูุงูููุนูุฉ ุงููู,-0.0372267386022
ููุณูุง ููู,-0.0355241907363
ุชุฌุฑุจ ุงูุฑุฒ,-0.0348870271887
ุงููุดุฑูุจุงุช ุฌูุฏู,-0.0336569378416
๐๐,-0.033033518966
ุฑุงุฒุฉ,-0.0275080901858
ูข,-0.0257413060509
ุงููู ุชุฌูู,-0.0230257883165
ุงูุฃุฑุจุนุงุก ูุงูุฎููุณ,-0.0221678285284
ูุด.,-0.0221495263529
ุงููุทุนู ููุณูู,-0.0210960400821
ุฌูุฏ ูุงุจุงุณ,-0.0205476153927
ุฌุฏุงู ููุงุชุณุชุงูู,-0.0200479589223
ุนูุฏู ุจูููู,-0.0199469189736
ุณุงุชุฑู,-0.0198739437452
ูุงูุทุจู ุงูุฃุณุงุณู,-0.0185965667598
ุซุงููุง,-0.0181146019837
ููุณูู ...,-0.0172003192219
ููู ~~~,-0.0154873999581
ุซุงูุซ,-0.0154471293704
ููุณ ูุชูู,-0.0153105313798
ุงุนุทูู ูฃูููฅ,-0.0143046530146
ูงููุฑูุงู,-0.0141021918003
ุชุณูููุง ููู,-0.0139718337488
ูุฃูุฉ.,-0.0113805672688
ูุจุทููุงู ๐๐,-0.00897899783935
ููุงูู ุจุณ,-0.00756262101572
ูุงููู.,-0.0074473237225
ุงุฎุฑู,-0.00742014239895
ูุตุงุฑ ูุงูุนุฌุจูู,-0.00549791349231
ุณุนุฑ ุงูุดุฎุต,-0.00538050185252
ูุจุฐุงุช.,-0.00412279921471
ููู ูุจุทููุงู,-0.00373788150342
ูุฅุฐุง ูุง,-0.00154040725195
ูุงููู. ูุจุฐุงุช.,-0.000930018021791
ุงูุดุงูุฑูุง ูููุงูุฉ,2.84603070277e-19
ุจูููู ูููุง,0.000705566631297
ุงูุง ุงูุชูุธูู,0.00125768456972
ุญุณู,0.00163508867972
ุณูุฆุฉ ...,0.00293139633976
ูุฐุงู ุนูุฏ,0.00324361571765
ูููุง ุจููุงูู,0.00455785149164
ุงูุทุงููุงุช .,0.00468506778382
ููุฐูุฐู,0.00613394875801
ุนูููุง ุฃุนูู,0.00633449587997
ุญุจูุชู,0.00695138499789
ุงูุชุญุฏูุงุช ุนููู,0.00719982630085
ูุงุนุฌุจูู ุฃฺฏูููู,0.00961012481011
ููุฐููุฐ,0.0097214904782
ูููู ุชุญุตู,0.0118732412857
ุดู,0.0127478047392
ุจุงูุฌุจู,0.0149847189196
ุชุจุนูู,0.014985575351
ุงูุจูุชุฒุง ูุงูุจุทุงุทุณ,0.0150103192275
ุงููุฌุจุงุช ุนุงุฏูู,0.0152881805055
ุงูุฎุฏูุฉ ูุงูุฌูุณุงุช,0.0157668542817
ุนููู,0.0158594271403
ุงูุธู ูุฐุงู,0.0177524376823
ุงูููุถูุฉ,0.0203638426615
ุจุนุฏ ุตูุงุฉ,0.0218203719398
ุงููู,0.0277345958692
ุงูุธู,0.0277965722465
ุงูููุทุนู,0.0283078889526
ูจ/ูกู,0.0307193280505
ุงููููู,0.0325421800647
ุง,0.0345342988396
ุฃุนุดู,0.0359739828936
ูุงุจุฃุณ .,0.0360436853518
ุจุงููุณุจู ูู,0.0369965472961
,,0.03890972671
ุดุบููู,0.0389878845244
ุฑุงุฆุนุ,0.0397857908663
ุตุฑุงุญุฉ ูุทุนู,0.039880754324
ุฃุบูุจ ุฃฺฏููู,0.0402136498922
ูุขูุญุญ,0.0417631577952
ูุฐูุฏ,0.0428628535743
ุงููุฌุงุญ,0.0430803504399
ูุงูุง,0.0435276682983
ููู,0.0452104147663
ูุงูุฏูููุฑ ุณูุฆุฉ,0.0479352316517
ูููุฉ,0.0496542214717
ุจุงูุฌุจูุฉ,0.0511227179456
i,0.055133812075
ุงูุตุฑุงุญุฉ,0.0568623468011
ูุดููุชูู,0.0593376869812
ุญุฌููุง,0.0616094761991
ุงููุฌุจุงุช,0.0635243210251
ูุทุนูู,0.0645049273306
ุงูุนุตุงุฆุฑ,0.066904621529
ูุง ุงุฏุฑู,0.0674500178757
ุงูู ุจุทู,0.0685551544614
ุจุณ ูุจุงูุบ,0.0689909056594
ุงูููุทุนู ูู,0.0724239325588
ููุฐูุฐ,0.0761860455667
ููุฐูู,0.0767818465666
ุนุจุฏ,0.0774224850306
ูุฐุฉ,0.0785488962789
ูุฌุจุฉ,0.0791525241448
ูููุง ุฌุฏุง,0.0799560783867
ุงููุญู,0.0842303872926
ุงูุนุงู,0.084684540157
ุญุฌุฒ,0.0861146336168
ููุงุณู ...,0.0940600198916
ุงููุญู,0.0948427026253
ูุต ุงูุชุญุฏูุงุช,0.101435179043
ุฃุนูู ูุธุงูุฉ,0.110635849316
ุงููู,0.110726970612
๐,0.113468794846
ูุฐูููููููููููููููููุฐ,0.113468794846
๐๐,0.113468794846
ุงุณุงุณุงููููุงููุฏุนููููุงุถุชุณู,0.113468794846
014654109,0.113468794846
ูุงูููููููููููููููููููู,0.113468794846
yammmmmmmi,0.113468794846
ุงุฏููููููููููููููููููููููููููุงุงุงุงุงู,0.113468794846
ูุฒุฒุฒุฒููููุฒุฒุฒ๐,0.113468794846
www.menatravelawards.com,0.113468794846
ุฌุฏุง ูููุฃุณู,0.11354124814
ุงูุญูุงุฉ !,0.11409468498
ุณูุฏูุชุด,0.114792889446
ุฑูููุนู,0.114859995828
... ุงููุธุงูุฉ,0.115085979026
ูุด ุจุณ,0.115116946821
ุฑุงููู,0.119383082799
ุฎุตูุตุงู,0.120198718472
ุงููุดุฑู,0.120212902802
ุฑุจูุงู,0.121209674848
ุบุงุงุงุงุงุงุงุงุงุงุงุงูู,0.126729569512
amp ;,0.127123775302
ุฑุงููุฉ,0.127996248374
ุงุถุงูุงุช,0.128016455078
ุญูู,0.131153483692
ูุฌู ููู,0.131447801658
ูุฐุงู,0.136026293329
ุงููู ุทูุจ,0.137809454634
ุจุฃุณ ููู,0.145245892583
ููุฐูุฐ ูุด,0.146347644387
ุตุฑุงุญู,0.147116224973
ุงูุจุฑุฌุฑ,0.147186328354
ูุงูุณูุทุงุช,0.148344975625
ูุฐูุฐ.,0.149292878008
ููุฐูู,0.14954604147
ูุง ..,0.151086514911
ุงููุจูุงููุฉ,0.152677851642
ุฃฺฏูููู,0.153377137621
ุจูู,0.154829131415
ูุญูู,0.158203499833
ุจุทู,0.160666401243
ูุง ูููุง,0.161110399657
ุนุงุฏู !,0.163574215973
ููู ููุงูู,0.164141590855
ูุงูุชุตููู,0.166079656499
ุฃุจุฏุงู ูฺฏุซุฑูู,0.167471689019
great,0.169750388833
ูููุนุฉ,0.17160077947
ุงูุฎููุฌ,0.174659107653
ุฌุฑุจูู,0.184349238787
ุงูุชุฑ,0.1889711684
ุฌุฏุง ูููู,0.189152110968
ุงูุชุฌุฑุจุฉ,0.189294458825
ูุฌุจุงุช,0.189418008499
ุตุญู,0.191374151256
ูุนููู,0.191929890368
ุงุนุฌุจูู,0.194182401456
ุฏูุจูู,0.194826678961
ููู ุบูุฑ,0.198451812195
โโฟโ,0.19847617209
ุงูููููุฒ,0.201081348801
ูุจุงุฑ,0.203935683306
ุงุณุนุงุฑูู,0.205709490923
ุงุนุนุนุดู,0.206471117039
ูุงููู,0.209074643369
ุชุฐููุชู,0.211504129642
ูุงุชุฐูุฑ,0.214161027699
ุฎุงุต,0.219812057308
ููุจุฑุฌุฑ,0.220226232071
ููุงุญุธุฉ,0.221976361418
ููุฏ,0.222313576878
ุทูุจ,0.222829575854
ูฺฏุซุฑูู ุฃุบูุจ,0.226725194969
ุฑููููููุจ,0.227539488951
ุทุจุฎูู,0.229749767518
ุงู ุงููุทุนู,0.233490483389
ูููู,0.234678446021
ุนูู,0.237397480764
โค,0.237521329777
ููุงุณุจู,0.238860745614
ุดูููู,0.245407781311
ุบูุฑ ุณููููู,0.247081200045
ุงูุจุญุฑูุฉ,0.247823969206
ูุฐูุฐ..,0.251673494433
ุงูุชูุธูู ุนูุฏูู,0.253011601593
ูุจุงุจ,0.255903329158
ุชูุจ,0.263631845281
ูฺฏุซุฑูู,0.264821359462
ุฃุณุนุงุฑูู,0.265744393871
ุฃูุถูู ุนูู,0.274882715891
ูุฎุงุตู,0.275133708026
ุงููุทุนู ุญูู,0.277181813677
ุงุดููู,0.277482058726
ุงูุงูุชุธุงุฑ,0.278553499531
ุจุฑูุญ,0.279765018213
ูุงุณุนุงุฑู,0.280374002849
ูู ุงูุนุงูู,0.280566133266
ุฃุชููู,0.280826109888
ุบุงูู ููุนุง,0.282179188839
+,0.284212077521
ุงูุณูู,0.285763547743
ุงูุงุณุจูุน,0.289677718223
ุงุฌูู,0.291099591885
love,0.294223414694
ุงุญุจู,0.296612578757
ููุง,0.302586050343
ุงูุงุฑูุจ,0.302638456876
ููู,0.304854681048
ูุงุฏุฆ,0.305361386862
ููุน,0.308231634035
ูููุฒุฉ,0.311303806984
ุซูู,0.314489177923
ุงุฐุง,0.316179503906
ููุชููุฒ,0.320417959719
ุงูุตุญูู,0.321626120364
ููุง,0.328299516357
-,0.329412478015
ุงูุฏููุงุช,0.331418360872
ูุงู ุญุงุฑ,0.332773714792
ุงูู,0.332863666873
ุงูู,0.333614147703
ูู,0.333929349581
ูุนู,0.334028838323
ูููุชู,0.337527773404
ูุงูุดุงูุฑูุง,0.339036780822
ุนู,0.341563162568
ูุชููุฑ,0.345706731259
ุงูุดุงู,0.346359891106
ูุงุฎุฑ,0.349048093087
ุนูููู,0.351593982871
ููุณุชุงูู,0.351758810991
ูู ูุฑุน,0.355178865479
ุจุงูุฑูุจูุงู,0.35552979044
ููุฏ,0.357139513426
ุงูุฌูุฏู,0.357578622867
ูุฌูุฉ ูุธุฑู,0.357880806635
ุงูุจุทุงุทุง,0.361568807789
ุทุจุนุง,0.363810145561
ุฑุฎูุต,0.364276784475
ูุนุงุจ,0.365182032696
ููุงู,0.365986524873
ูุง ุชุฐููุช,0.366616138905
ูุทูููุฑ,0.371651670676
ูุณู,0.374572570286
10,0.375085669721
ุบูุฑู ูุง,0.376643946253
ูุฎุชููุฉ,0.378053241821
),0.378976762619
ู,0.379252390571
ูุดุบู,0.382588162446
ูุงูุฎุฏูู,0.383914031519
ุทุฑู,0.385934789244
ุงููุณุงุญุฉ,0.386846249621
ุฑุงุฆุน.,0.389567194254
ููู,0.389679357621
ุฃูููู,0.39141769274
ููุง ุบูุฑ,0.394371063037
ููุฑุฉ,0.400968136962
ุญููู,0.402755376835
ุงูุธู,0.408862465417
ุงููุทุนู ููุชุงุฒ,0.41085521152
ุนูุฏู,0.413601085495
ูุฑูุน,0.416556133471
ูุงุญูู,0.417375588494
ุฌูุฏู ุฌุฏุง,0.417638565049
ุฑููููุนู,0.418807423334
ุงูุฑุจูุงู,0.419869080576
ุฒุญูู,0.420632684484
ุฌููุน,0.432808239321
ุงุชููู,0.433478600022
ูุนูุงู,0.437060788992
ููุธูู,0.447568233626
ุดุงุก,0.44812064376
ุงูุงูุทุงุฑ,0.448167154087
ูุทูุฑ,0.448726835049
ููุตู,0.452456874297
ุจุงูุฑูุงุถ,0.452878415484
ุจุฑุณุชุฏ,0.454581778752
ุฎุตูุตุง,0.455991112594
ูููุนู,0.459759314541
ุงูุงูู ุฌูุฏ,0.468140750567
ูุงุนุฌุจูู,0.469120955154
ุงููุนุฌูุงุช,0.477105968452
ูุฑุฑุฑู,0.477355409935
ุงุทูุจ,0.479683888597
ุงูุงูู ููุชุงุฒ,0.480062749768
10/10,0.481047380893
ุฃูุถู ูุทุนู,0.482621864832
ุงูููุงูู,0.483723638633
ุงูููุณ,0.490692733822
ูุงุนูุฑู,0.490721974932
ุฎุทูุฑ,0.491198417472
ุฏุฌุงุฌ,0.493213456391
ุฌูุฏ,0.49564492823
ูููุฒู,0.501363461847
ุงุทุนู,0.504853172979
ุงููุฌุจุงุช ุงูุณุฑูุนู,0.513971677503
ุจุนูุฏ,0.514685538342
ููุงู ุณูุก,0.514941428819
ููุงูุณ,0.518478497606
...,0.520812213066
#,0.520961549562
ูุญู,0.523552389104
ุฃุทุนู,0.536949627507
ุจูุชุฒุง,0.54026797969
ุงููุทุงุนู,0.541133684501
ุจูู,0.548819072561
ุงูุขู ูู,0.551699762158
ูุฐููููุฐ,0.552440874112
ุงููุญู,0.554741063149
ุทุงุฒุฌ,0.558492696843
ููุฒุฉ,0.559339935569
ุบุงูุฉ,0.564012612512
ุณุงูุฏููุด,0.566694195724
ุงูุณุนูุฏูู,0.567557208
ูุฌูู,0.580043565637
ููุฑููู,0.584974735241
ููุชู,0.594828520386
ุณุนุฑูุง,0.599697517928
ุดุงุฑุน,0.605815202301
ููุงุณุจ,0.609477035783
ุฃูุถู ูู,0.612130150965
%,0.614703576578
ูู ุงููุงุณ,0.61966489968
ุงุนุดู,0.621701748123
ุงูุงู,0.627563054419
~,0.63401325485
ุจุชุฌุฑุจุฉ,0.635203277428
ุทูุจุงุช,0.635384237807
ููุฉ,0.640844376371
ูุนูู,0.642988679844
ุณุชุงุฑุจูุณ,0.644744175026
ุจุนุฏูู,0.64995104124
ูุฑุงูุฒ,0.664410332394
ูุงูููุง,0.666397131309
ุงูุณุชูู,0.66680969617
ุฑููุจุฉ,0.668707050406
ูุชูุฑ,0.67014733396
ุจุฑูุฑ,0.673814184401
ุงูุฑุฆูุณู,0.675933318768
ุจูุซูุฑ ูู,0.678443561526
ูุงูุฌูุณุงุช ูุงูุฏูููุฑ,0.680524428942
ุญุจูุช,0.681123441207
ููู,0.683080122086
ุฑุงูู,0.684428299569
ูุฏููู,0.684679574035
ุนุงููุฉ ู,0.687490879429
ุงูุถู ุดูุก,0.689738066509
ูุจุฏู,0.690225496355
ุฌูููุฉ,0.695518789439
ูุงุนููู,0.696418120307
ุฌูุฏ ูุงูุณุนุฑ,0.698916013014
ูุฎุงุตุฉ,0.703137021877
ุชูุตูู,0.703425574591
ุงูุตุงุฌ,0.710664388975
ุงูุง ูู,0.711834434207
ุงูุจุงูู ุนุงุฏู,0.718842827198
ุฎูุงู,0.722372087761
ุจูุงู,0.729020393856
ูููุทุนู,0.72917993749
ูุนูุจู,0.731482867001
ููุชุตู,0.735760211752
ุฎุถุงุฑ,0.745287671604
) .,0.746539902432
ูุงู ูุจู,0.749109504644
ุชุฑู,0.749375445084
ูุฐููููููุฐ,0.752529606539
ุงููุดููู,0.753491517142
ูู,0.755908762243
ูุฐูุฐ ุฌุฏุง,0.758881160366
ุฑูููุนุฉ,0.768448426238
ุงูุจุฑูุงูู,0.77033521461
ูุดููุชู ุงูู,0.770772798298
ูููุชู ูุจุณ,0.772395103579
ูุนูุฏูู,0.77431267129
ุจุฑูุงูู,0.774642076682
ุงูุดุฑููุฉ,0.779374318176
ูุทุงุนู,0.782005725903
ุฐูุช,0.784094329818
ุดูู,0.785907086488
ูู,0.787464992846
ุงูุนุดุงุก,0.787859367464
ุงูุฑูุงุถ,0.78847118019
ุนุงุฏู ุจุณ,0.789707012047
ุงูููุงุณุจุงุช,0.791480891238
ูู ุงูููุถูุน,0.802341055228
ูุทุทุนู,0.8031402812
ุงูุทุงุฒุฌุฉ,0.811941132025
ุญุฑุงุก,0.815293985539
ู ูุงูุช,0.823401948078
ูุฌูุน,0.824967767946
ูุญุณู,0.827720036696
ููุฑุฉ,0.830255530963
ุงูุฑุงุฆุน,0.833932501488
ูุงูุช,0.833998248547
ูุงุชููู,0.835053860209
ุงูุฌูุณุงุช,0.835482216952
ุงูุฌููุณ,0.836707493382
ุฌุฑุจูุง,0.837033809079
ุงุชุฐูุฑ,0.837326294246
ุจุณูุนุฉ,0.837454210719
ูุงุชุงุฎุฏ,0.838002702574
ุฃู,0.84719034104
ุฃูู,0.850705298795
ููุนุง,0.851382018377
ุฃฺฏูููู ุฃุจุฏุงู,0.851456588676
ุงุญุณู,0.864906424473
ู ุงูุงุณุนุงุฑ,0.865710517686
ุงููููุน,0.867101527772
ูููุชุงุฒ,0.868567322971
ุญูุต ..,0.869796642563
ุงูุฌูุฏ,0.873561672087
ุงูุตุฑุงุงุญู,0.877903623122
ููู ุฒูุช,0.88027093795
ุงูุฒุญุงู,0.885447392168
ูุฎููู,0.885642449519
ููุฐูุฐ,0.887261522309
ุงูุฌู,0.887438189632
ูุงูููุชูู,0.891725484834
ุจุงููุณุจุฉ,0.892939542697
ุงูุถุง,0.899216475302
ุณุนูุฏู,0.902310712678
ุนุดุงู,0.906473671961
ูู ุฃูุถู,0.906632354061
ุฑุงุงุงุฆุน,0.911881167516
ุงูุงุถูุงุน,0.921459871555
=,0.922347920213
ุงุฏููุช,0.932347726505
ูุง ุงูู,0.938802762222
ุบุฏุงุก,0.944278926499
ูุณุชุญู,0.945604296121
ุชูู,0.952731789544
ูุฃููุง,0.959487491737
ุงูุชุชุงุญ,0.966871919255
ุดุงุก ุงููู,0.968400494608
ู ูุง,0.973992706035
ุดูู,0.975029905406
ุจู,0.976237110665
ุชูุฑู ุงููุนูู,0.98292825714
ุงูุญุฒุงู ุณูุฆ,0.983799385448
ุฃูุง,0.988279969975
ุฑูุนุฉ,0.996624123747
ุนูุฏูู,1.00133964436
ุชุดูููุฉ,1.00175395591
ุจุงูู,1.00930752305
ุดูู,1.01728208337
ูุงุฒู,1.02864098424
ุชุฑูู,1.03003684064
ุงูููุถู,1.04394525645
ูุดููุชู,1.04548934232
ูุนุฌุจูู,1.04796347093
ุทูููุฉ,1.05909799459
ูุฑุน ูุงุญุฏ,1.06229769076
ูุง ุดุงุก,1.06484160774
ุงูุงุณุนุงุฑ ุฑุฎูุตู,1.07102860797
ุงูุงุณุนุงุฑ ูุจุงูุบ,1.07260372862
ุฒุญูุฉ,1.08126287679
ุนุงุฏู ููู,1.08136307509
ุงูุฑูุงู,1.08245153296
ุฌูุฏ ูู,1.08273139964
ูุณุญุจ,1.08760396259
ุณูุก ุทุนู,1.09062764964
ุจุณูุนุฉ ุงููุทุนู,1.09093938916
ุตุบูุฑ,1.13375355176
ูุนุฌูุงุช,1.13556889052
ุงูุจุฑุงููู,1.13586450622
ุชูุณู,1.14205728011
ูุนูู ูุฌู,1.14771875273
ูุดุฑูุจ,1.15179903609
ุจุณ,1.15428845101
ูกู/ูกู,1.15746684298
ุณุชูู,1.16394674856
ุนุตูุฑ,1.16716082465
ุทุงูุน ูู,1.17066174036
ููุฏู,1.17579127921
ุงุนุฑู,1.18080553877
ุงูุถู ูุทุนู,1.1819436255
ุุ,1.182648216
ุงูุชุฎุตุตู,1.18718352618
( ),1.18916507041
ููุงุณูู,1.19097823804
ุงููุดุงูู,1.20077679838
ุฃฺฏููู ูุขูุญุญ,1.21498929485
ูุทุงุฒุฌ,1.22224334576
ุฏูู,1.22244754796
ุจุณ ูู,1.23015213869
ููุงุณุจ,1.24175016172
ุงููููู,1.25271852355
ูุทุนู ูููุฒ,1.25532610657
ูู ุณูุฆู,1.25559749883
ุงููุทุจุฎ,1.26646438219
ูุฐูุฐุฉ,1.26717328142
ูุง ุชุนูููููููููููููููููููููู,1.26954335961
ุจุงูุชุฃููุฏ,1.26967660338
ุฎููู,1.27343000389
ุงููุธุจู ููุง,1.28048681209
ุนูุจ,1.28753262427
ุทูุจ,1.28897919973
ุจุงููุณุจุฉ ูู,1.29766214142
ูู ุงุบูุจ,1.304684978
ุฌูููู,1.3135357172
ูุธูู,1.31594468011
ุทุจู,1.32043581534
ูู ุงุฌุฑุจ,1.34284488334
ุฑููุจ,1.34550716608
ุงูุงูู,1.36153091744
ูููุง,1.37532069929
ููุฐุง,1.38063212982
ุฃุทูุจ,1.38101717659
ุงูุนุฑุจู,1.38117710807
ุงูุชูุธูู,1.38750674893
ุงูููู ูุฐูุฐ,1.39029401258
ุงูู ููู,1.39133879902
ูุฒูุฒ,1.40394251435
ุชููููู,1.40642380557
ุงูุงุทุจุงู,1.41291999953
ุนูู ุญุณุจ,1.43204695897
ุญููู,1.43422269982
ุชูููู,1.43833629832
ูุนูุจูู,1.43881944714
ููุณ,1.44052249741
ุฌูุฏุฉ,1.45590180447
ูุงูู,1.45637043298
ููู,1.45864983952
ุนูุฏู,1.46025236888
ุญููู ููู,1.46756533845
ููุณุชุญู,1.47257091488
ูู ูุงุญูุฉ,1.4871263798
ุฌุฑุจุช,1.49050806793
ุงููุฑูุฌ,1.49290683699
ุฏุงูู,1.49976438105
.. ููู,1.50424085121
ุจุงูุฅุถุงูุฉ,1.52110769271
^_^,1.52351071496
ุงูุฎูุงุฑ,1.53432400268
ุงูุงูุถู,1.5410131612
ููููู,1.54220330461
= ),1.56722933598
ุฎุงุตู,1.56771967043
ูุงุชุงุฎุฏ ููู,1.56873381416
ุทุจุนุงู,1.56913952275
ุญูููุงุช,1.57283447819
ุนูุจู,1.58613287126
10 ูู,1.58929136832
ุนุฌุจูู,1.59035655386
ุฐูู,1.59253805886
ูุงุดุงุก,1.59804392344
ูุนุชุจุฑ,1.60498104388
ูุงูุฑุจูุงู,1.61767758493
ูู,1.63149401034
ุญููุฉ,1.63811190663
ุงูุฌู ุงูุนุงู,1.64839093332
d,1.64898765714
ุชู,1.65596812824
ุฎุงุตุฉ,1.6958929623
ุงูุฐ,1.70172402707
ูู ุงููุทุงุนู,1.71176193612
ูุนูููุฉ,1.72884103048
ุฎูููุฉ,1.73003826351
ูุงูุขู,1.75260357304
ูุง ูุนูู,1.77155636958
ููุฑูู,1.81418802392
ูููู,1.81786531122
ูููุฒ,1.81916146834
ุฌุฑุจ,1.8241325059
ูุฑูุจ,1.84724115362
ุงูุดุงููุฉ,1.85016063133
ููุจูุงุช,1.85144917556
ุงููุทุนู ูููุณ,1.85639641419
ุงูุจูู,1.86522409216
ุงูุฃูุถู,1.87182521336
ุทุฑููุฉ,1.88388257009
ุงููุณุญุจ,1.89994409537
ุนูุงุฆู,1.90242972953
ูุน,1.90665993211
ุจุฑุฌุฑ,1.9181990509
9,1.93015746333
ูุจูุฑู,1.9574094818
ุจุญุงุฌุฉ,1.95924912109
ุงููุทุนู ..,1.95964072848
ุนุงุฏู ูู,1.96467954541
ูุฑุฉ ููุง,2.03659158384
ุฎุฏูุฉ ุงูุชูุตูู,2.03695537093
ุจุฒูุงุฑุชู,2.04785208341
ูุนูุจ,2.05313679538
ุงูุตุญ,2.07868523345
ูุฃูุถู,2.08116491746
ุตุฑุงุญุฉ,2.10309971718
ุงุญูู,2.10932390093
ููุชุงุฒู,2.11665603713
8,2.12290266705
ุฌููู,2.13269978835
ูุงุฐุง ููู,2.14512151264
ููุง ูุง,2.16533912683
ูุญุชุงุฌ,2.16602713778
ุฑูุนู,2.17782508394
ุฌูุฏ ุฌุฏุง,2.19447653643
ูุชููุฒ,2.19552714947
๐,2.21264965327
ุฎุฑุงูู,2.22317939412
9/10,2.22815751452
ุจุฃุณ,2.27492888751
ุงูุฌุฏูุฏ,2.29546959805
ุชููู,2.3273236283
ุฃูุถู,2.33778770883
ุณุฑูุนุฉ,2.3611722966
ูููู,2.37289037225
ุฃูุฐ,2.37954628469
ุงูุญุฒุงู,2.38348877037
ููุชุญ,2.39771817492
ุงุจุฏุงุน,2.41328787836
ุชูุฌุฏ,2.42265475705
ุนูุจูู,2.44847898641
ูููุฒ,2.45782757566
ุญูุซ,2.50916911908
ุญูููู,2.51382053609
ุชุดูู,2.516852455
ูุฑุฉ !,2.54856405306
ูุฐูุฐู,2.61307846644
ูุงูุฎุฏูุฉ ุณูุฆุฉ,2.62223940464
ุฌุฑุจูุง,2.66363295132
ุฃูุตุญ,2.68702304331
ูุงู,2.70817457719
: d,2.88725949297
ุงูุถู,2.96942243307
ููุงุณุจุฉ,3.00325732069
ุงุญุจ,3.02844390715
ูุฎุชูู,3.0726395977
ููุฃุณู ุณูุฆุฉ,3.11190852558
ุงุฑูุน,3.16609443834
ุฌูุณุงุช,3.17574010585
ูุงุฏู,3.25192959969
ุฎูุงูู,3.25419796731
ุฅู,3.26036431778
ุชููู,3.26094947266
ุชูุงู,3.35387570333
ุฃุญูู,3.36495857717
ููุดุจุงุจ,3.49850271034
ุฑุงุงุงุงุฆุน,3.52007994219
ุฑุงูู,3.61435168423
ุญูู,3.70400533892
ุฑุงุฆุนุฉ,3.76647920511
ููุชุงุฒุฉ,3.8078832507
ูููุชูู,3.81708414845
ููุชุงุฒ,4.06785612208
ุฑุงุฆุนู,4.60831492219
: ),4.81303666839
ุฑุงุฆุน,5.74126263001
ูุฐูุฐ,5.75120807737